conc,mean.dens,isoform
0.04882812,0.05331818,iso1
0.19531250,0.15095455,iso1
0.39062500,0.23972727,iso1
0.78125000,0.40677273,iso1
1.56250000,0.66631818,iso1
3.12500000,1.03772727,iso1
6.25000000,1.42859091,iso1
12.50000000,1.76986364,iso1
0.04882812,0.01332955,iso2
0.19531250,0.03773864,iso2
0.39062500,0.05993182,iso2
0.78125000,0.10169318,iso2
1.56250000,0.16657955,iso2
3.12500000,0.25943182,iso2
6.25000000,0.35714773,iso2
12.50000000,0.44246591,iso2